{"camera_matrix": [[1980.023517134844, 0.0, 886.0829973913143], [0.0, 1961.8527377390467, 637.5566494570877], [0.0, 0.0, 1.0]], "dist_coeffs": [[-0.17280939470020815, 5.4248304096695845, -0.002576977249126355, -0.004720279259915013, -36.01386256516355]], "err": 0.31439221496425}