{"m": [[1.2391375724040539, -0.035658622672623125, -606.8743004491706], [0.0498277130830641, 1.1868058195385425, -315.2844573870773], [0.0001797066019827982, -8.713292651917653e-05, 1.0]], "max_width": 944, "max_height": 580}